Patient_ID,Age,Sex,Disease_Stage,Treatment,Clinical_Response,GENE_1,GENE_2,GENE_3,PROT_1,PROT_2,MET_1,MET_2,CpG_1,CpG_2,Generated_On
P001,68,Female,Stage I,DrugA,Responder,4.187,5.174,4.449,13.078,10.913,0.943,0.885,0.214,0.226,2025-09-12 13:22:15
P002,81,Male,Stage I,Placebo,Responder,5.514,5.468,5.976,10.28,7.66,0.871,1.264,0.47,0.458,2025-09-12 13:22:15
P003,58,Male,Stage IV,DrugB,Responder,4.292,3.975,4.999,8.713,8.608,0.825,1.086,0.394,0.536,2025-09-12 13:22:15
P004,44,Male,Stage III,DrugA,Responder,3.788,4.856,5.308,11.534,10.895,0.53,0.559,0.354,0.569,2025-09-12 13:22:15
P005,72,Female,Stage III,DrugA,Responder,6.666,5.511,4.998,8.469,11.708,0.72,1.081,0.284,0.175,2025-09-12 13:22:15
